{
    "Scope_with_Artificial_Intelligence": [
        {
            "type": "header",
            "data": {
                "text": "Scope with Artificial Intelligence",
                "level": 3
            }
        },
        {
            "type": "image",
            "data": {
                "file": {
                    "url": "http://amanchourasiya.com/static/blog-images/73.jpg"
                },
                "caption": "AI",
                "withBorder": false,
                "stretched": false,
                "withBackground": false
            }
        },
        {
            "type": "paragraph",
            "data": {
                "text": "Are you tired of reading endless news stories about ethical hacking and not really knowing what that means&nbsp;Are you tired of reading endless news stories about ethical hacking and not really knowing what that means&nbsp;Are you tired of reading endless news stories about ethical hacking and not really knowing what that means&nbsp;Are you tired of reading endless news stories about ethical hacking and not really knowing what that means"
            }
        }
    ],
    "How_to_access_other_gmail_account_without_knowing_password": [
        {
            "type": "header",
            "data": {
                "text": "How to access other gmail account without knowing password",
                "level": 3
            }
        },
        {
            "type": "image",
            "data": {
                "file": {
                    "url": "http://amanchourasiya.com/static/blog-images/72.jpg"
                },
                "caption": "Hacker C$de!!!",
                "withBorder": false,
                "stretched": false,
                "withBackground": false
            }
        },
        {
            "type": "paragraph",
            "data": {
                "text": "Are you tired of reading endless news stories about ethical hacking and not really knowing what that means&nbsp;Are you tired of reading endless news stories about ethical hacking and not really knowing what that means&nbsp;Are you tired of reading endless news stories about ethical hacking and not really knowing what that means&nbsp;Are you tired of reading endless news stories about ethical hacking and not really knowing what that means"
            }
        },
        {
            "type": "paragraph",
            "data": {
                "text": "Are you tired of reading endless news stories about ethical hacking and not really knowing what that means"
            }
        },
        {
            "type": "list",
            "data": {
                "style": "ordered",
                "items": [
                    "C",
                    "C++",
                    "JAVA<br>",
                    "PYTHON",
                    "GO"
                ]
            }
        },
        {
            "type": "code",
            "data": {
                "code": "print(\"hello\")\nprint(\"hello\")\nprint(\"hello\")print(\"hello\")print(\"hell\nprint(\"hello\")\nprint(\"hello\")\nprint(\"hello\")\nprint(\"hello\")\nprint(\"hello\")print(\"hello\")vprint(\"hello\")\nprint(\"hello\")print(\"hello\")print(\"hello\")print(\"hello\")print(\"hello\")print(\"hello\")print(\"hello\")print(\"hello\")print(\"hello\")\n"
            }
        }
    ],
    "My_Second_BLOG": [
        {
            "type": "header",
            "data": {
                "text": "My Second BLOG",
                "level": 3
            }
        },
        {
            "type": "image",
            "data": {
                "file": {
                    "url": "http://amanchourasiya.com/static/blog-images/70.jpg"
                },
                "caption": "",
                "withBorder": false,
                "stretched": false,
                "withBackground": false
            }
        },
        {
            "type": "paragraph",
            "data": {
                "text": "Hey"
            }
        }
    ],
    "My_Website": [
        {
            "type": "header",
            "data": {
                "text": "My Website",
                "level": 3
            }
        },
        {
            "type": "image",
            "data": {
                "file": {
                    "url": "http://amanchourasiya.com/static/blog-images/69.jpg"
                },
                "caption": "cd2",
                "withBorder": false,
                "stretched": false,
                "withBackground": false
            }
        },
        {
            "type": "paragraph",
            "data": {
                "text": "Are you tired of reading endless news stories about ethical hacking and not really knowing what that means?Are you tired of reading endless news stories about ethical hacking and not really knowing what that means?Are you tired of reading endless news stories about ethical hacking and not really knowing what that mean"
            }
        },
        {
            "type": "paragraph",
            "data": {
                "text": "Are you tired of reading endless news stories about ethical hacking and not really knowing what that means?Are you tired of reading endless news stories about ethical hacking and not really knowing what that means?"
            }
        }
    ],
    "My_BLOG": [
        {
            "type": "header",
            "data": {
                "text": "My BLOG",
                "level": 3
            }
        },
        {
            "type": "image",
            "data": {
                "file": {
                    "url": "http://amanchourasiya.com/static/blog-images/68.jpg"
                },
                "caption": "cd1",
                "withBorder": false,
                "stretched": false,
                "withBackground": false
            }
        },
        {
            "type": "paragraph",
            "data": {
                "text": "Are you tired of reading endless news stories about ethical hacking and not really knowing what that means?Are you tired of reading endless news stories about ethical hacking and not really knowing what that means?Are you tired of reading endless news stories about ethical hacking and not really knowing what that mean"
            }
        },
        {
            "type": "paragraph",
            "data": {
                "text": "Are you tired of reading endless news stories about ethical hacking and not really knowing what that means?Are you tired of reading endless news stories about ethical hacking and not really knowing what that means?"
            }
        }
    ]
}